aa,mouse_noratio,mouse_error,rat_noratio,rat_error,human_noratio,human_error,chimp_noratio,chimp_error
A,0.0123142250530786,0.0103024761512598,-0.061030634053669,0.0108763219522983,-0.00111482720178372,0.0236095935610106,-0.0590717299578059,0.0324217742559989
C,0.0914179104477612,0.0215062769131437,0.093951093951094,0.0252551101133503,0.0888030888030888,0.0437638893875128,0.280575539568345,0.0575668946692096
D,0.0128354725787631,0.0139443471455976,0.0777058279370953,0.0151614942391411,-0.0747330960854092,0.029744088864428,-0.109004739336493,0.0483891699626416
E,-0.110086100861009,0.0123242943157357,-0.15234375,0.0138122976642133,-0.121951219512195,0.0219214551330647,-0.310344827586207,0.0394725152739544
F,0.0232249502322495,0.0182100532411821,0.0344186046511628,0.0215537765498285,0.0493827160493827,0.0392357811658809,0.242857142857143,0.0579722965907998
G,-0.0239651416122004,0.0116656493019739,0.00915240748109829,0.0141049180564048,-0.0176390773405699,0.0260425607051312,-0.142857142857143,0.039432317676706
H,0.0692225772097977,0.01627774304824,0.0726643598615917,0.0185524589702517,0.0975609756097561,0.0347549234279901,0.266666666666667,0.0470280789703366
I,-0.00884303610906411,0.0135726015299358,-0.0636896046852123,0.0135008786809039,0.032258064516129,0.0299186384361399,0.127725856697819,0.0391435990703311
K,-0.178743961352657,0.0129236396477937,-0.259429622815087,0.0146462132246841,-0.0619469026548673,0.0250935365385652,-0.033175355450237,0.048652442688923
L,-0.0461026615969582,0.0108889275604418,-0.0242072962836686,0.0130527399780785,-0.0466605672461116,0.0213649377097474,-0.0281329923273657,0.0357457728215106
M,0.18037518037518,0.0186818969475443,0.0973724884080371,0.0195636183184082,0.190082644628099,0.0364368314139208,0.244444444444444,0.0511057431426973
N,-0.0154772141014617,0.0146598026671515,-0.116491548652353,0.015010501266192,0.116883116883117,0.0326720940968077,0.0707070707070707,0.0501261164552866
P,-0.0779427359490986,0.0114782572011852,-0.0703386676590994,0.013607368949737,-0.172248803827751,0.0240902701971107,-0.440514469453376,0.0359963155090717
Q,-0.0936955764541971,0.0131387389418088,-0.143143143143143,0.0156563927127404,-0.0403587443946188,0.0273160537968163,-0.0242214532871972,0.0415823134397859
R,0.156378600823045,0.0112007135580022,0.246331564158601,0.0121091453822607,0.0525114155251142,0.0238579623905514,0.0019723865877712,0.0314036535659324
S,0.027027027027027,0.00910189167618837,0.0173611111111111,0.00981944735099845,0.0348936170212766,0.0206158628812056,0.103030303030303,0.0316129489620672
T,0.0456034265558075,0.0112122400513819,0.109992048767559,0.0114419086671547,0.0266666666666667,0.0258107069370948,0.0693069306930693,0.0350952831263716
V,0.0661322645290581,0.011167037247646,0.0826721269516253,0.0112738971762647,0.125143513203215,0.023771046039145,0.0190274841437632,0.0325069183536864
W,-0.0222222222222222,0.0292280478343099,0.0138888888888889,0.0416626476971211,0.168316831683168,0.0693559281758193,0.333333333333333,0.0907218423253029
Y,0.0139935414424112,0.0231971493924207,-0.0117302052785924,0.0270746551560902,-0.00869565217391304,0.0466234776096781,-0.0515463917525773,0.0717003705829936
