aa,Abbrev,Full_name,Pjordan,Rjordan,Avg_jordan,TrifonovConsensusOrderOfRecruitment,Full_Protein_Animal_Phylostratigraphy_Slope,Domain_Animal_Phylostratigraphy_Slope,SlopeAnimal..1496,StErrAnimal..1496,PvalueAnimal..1496,SlopePlant..1496,StErrPlant..1496,PvaluePlant..1496,SlopeAnimal..2101,StErrAnimal..2101,PvalueAnimal..2101,SlopePlant..2101,StErrPlant..2101,PvaluePlant..2101,Slope..2101,StErr..2101,Pvalue..2101,Disorder_Propensity,CAISslope_Estimates,CAISslope_Std.Error,CAISslope_Estimates_noantelope,CAISslope_Std.Error_noantelope,CAISslope_proteomeEstimates_noantelope,CAISslope_proteomeStd.Error_noantelope,CAISslopeNEWproteome_Estimates,CAISslopeNEWproteome_Std.Error,CAISslopeNEWPfam_Estimates,CAISslopeNEWPfam_Std.Error,clrCAISslopeNEWproteome_Estimates,clrCAISslopeNEWproteome_Std.Error,clrCAISslopeNEWPfam_Estimates,clrCAISslopeNEWPfam_Std.Error,kldCAISslope_Proteome,kldCAISslope_Proteome_Std.Error,kldCAISslope_Pfam,kldCAISslope_Pfam_Std.Error,picCAISslopeNEWproteome_Estimates,picCAISslopeNEWproteome_Std.Error,picCAISslopeNEWPfam_Estimates,picCAISslopeNEWPfam_Std.Error,pic2CAISslopeNEWPfam_Estimates,pic2CAISslopeNEWPfam_Std.Error,pic2CAISslopeNEWproteome_Estimates,pic2CAISslopeNEWproteome_Std.Error,logPICpfam_Estimates,logPICpfam_Std.Error,logPICproteome_Estimates,logPICproteome_Std.Error,loglogPICpfam_Estimates,loglogPICpfam_Std.Error,loglogPICproteome_Estimates,loglogPICproteome_Std.Error,ENCslope_Pfam_Estimates,ENCslope_proteome_Std.Error,mean_LKmarch22,stderr_LKmarch22,VolumeA3,RaifordAerobicCost,Essential,Essential_Costa2015,Levy_Stickiness,Mean_RSA,Polarity,Hydrophobicity,TourasseChangeability,num_Codons,PAM_sub,BLOSUM_sub,Mean_TdS_conf,Absolute_TS,N1redun,N2redun,N3redun,Jordan_st2_D,Jordan_st2_Ribosomal_proteins_with_ancestors_reconstructed_by_PAML‡,Jordan_st2_Ribosomal_proteins_with_ancestors_reconstructed_by_EMAPI‡,Jordan_st2_Eukaryotic_proteins_with_ancestors_reconstructed_by_PAML‡,Jordan_st2_Eukaryotic_proteins_with_ancestors_reconstructed_by_EMAPI‡,Jordan_st1_D,Jordan_st1_Derr,Jordan_t3_D,Jordan_t3_Derr,Jordan_t3_current_frequency,Jordan_t3_asymptotic_frequency,Jordan_t3_Freq_w_unbiased_usage_of_codons,Jordan_t3_Number_of_substitutions_since_origin,Jordan_t3_Initial_freq,NonTrans_Estimates_noantelope,NonTrans_Std.Error_noantelope,Trans_Estimates_noantelope,Trans_Std.Error_noantelope,Old_Estimates_noantelope,Old_Std.Error_noantelope,Young_Estimates_noantelope,Young_Std.Error_noantelope,NonTransNEW_Estimates,NonTransNEW_Std.Error,TransNEW_Estimates,TransNEW_Std.Error,OldNEW_Estimates,OldNEW_Std.Error,YoungNEW_Estimates,YoungNEW_Std.Error,ns_root_1,ns_primate_1,ns_rodent_1,ns_root_2,ns_primate_2,ns_rodent_2,Root,Primatomorpha,Glires,Ne_slope,Ne_slope_err,Bodymass_slope,Bodymass_slope_err,logNe_slope,logNe_slope_err,logBodymass_slope,logBodymass_slope_err,pGC,HC_avg_aafreq,MR_avg_aafreq,Cherry_cc,Cherry_cc_p-value,Cost,Bsubtilis_rS,Bs_funcatz,Ecoli _rS,Ec_funcatz,Jansen_Gerstein_enrichmentrank,Lecocq_pearson,Lecocq_kalmangibbs,weight,,,,,
A,Ala,Alanine,-0.08,-0.05,0.0239,2,-6.88E-07,2.73E-06,-2.10E-06,1.77E-06,0.2361751,7.48E-06,8.08E-06,0.3557452,9.23E-06,1.56E-06,3.36E-09,8.67E-06,1.66E-06,1.85E-07,9.33E-06,1.42E-06,5.87E-11,0.45,0.061574506,0.014517758,0.060626402,0.014034739,0.020738578,0.018457308,0.085028654,0.029183624,0.047475072,0.020625408,2.108775179,1.338078382,1.384903775,0.862840634,0.091110461,0.030869374,0.051079602,0.021819944,0.025167687,0.044926015,0.096909872,0.058708975,0.098533764,0.05844024,0.023961366,0.044717308,1.520984499,0.914245243,0.317030229,0.667738062,0.075671843,0.049968124,0.003711134,0.036455728,-0.004405013,0.0007728,0.036671706,0.010825045,88.6,14.5,Non-essential,Non-essential,0.0062,0.782,-0.06,0,4.32,4,2,4,0,0,0,0,4,0.0044,0.0053,-0.0092,0.0049,0.0168,-0.163,0.04,-0.0239,0.00862,0.081,0.058,0.066,NA,0.242,0.028324061,0.01019139,0.037549704,0.012904854,0.024411147,0.010482414,0.03990992,0.013288664,0.041901958,0.020676532,0.044988314,0.026394237,0.039449291,0.021121576,0.048351269,0.027210993,0.068,0.06,0.0737,0.0685,0.0601,0.0737,0.0656,0.0599,0.0763,-1.52E-09,4.04E-09,1.45E-06,8.97E-06,-0.001010889,0.001662517,-9.77E-05,0.000325671,0.833333333,0.07046426,0.068197855,-0.039,0,11.7,0.082,4.86,0.085,-0.03,20,0.19,0.32,89,,,,,
C,Cys,Cysteine,0.31,0.19,-0.0067,16,1.76E-07,-2.41E-06,-1.88E-06,2.11E-06,0.3746901,-2.07E-05,8.89E-06,0.02100993,-5.92E-06,1.40E-06,2.51E-05,-6.56E-06,1.34E-06,1.08E-06,-5.93E-06,1.34E-06,1.09E-05,0,-0.001191586,0.004824591,-0.000999416,0.004779594,0.002484525,0.002694754,-0.000635858,0.009554613,0.000804108,0.01060374,0.806053092,1.449165516,0.70191703,0.935271829,-0.000736845,0.010115577,0.000813781,0.011226367,0.076535765,0.019017045,0.038488553,0.037259659,0.040697568,0.037247166,0.076504503,0.018907569,1.606043168,1.465439039,3.47503656,0.855809751,0.084587212,0.079960422,0.192077345,0.046589958,0.000245625,0.000275564,-0.004310673,0.013829679,108.5,26.5,Conditionally essential,Non-essential,1.0372,0.899,1.36,NA,1,2,12,9,-0.85,-3.9,0,0,2,0.0055,0.0034,0.0066,0.0058,0.0061,0.452,0.07,0.0067,0.00171,0.012,0.032,0.033,1.363,NA,0.001221199,0.005357886,0.019113822,0.008217433,0.000347261,0.006036347,0.025893528,0.013540948,-0.006829541,0.010692283,0.035700143,0.016473083,-0.014615555,0.011987801,0.053881449,0.027028174,0.0214,0.0258,0.0217,0.0209,0.0256,0.0217,0.0207,0.0256,0.0219,2.29E-10,7.32E-10,2.02E-06,1.57E-06,0.000215709,0.000300258,6.80E-05,5.70E-05,0.5,0.023145295,0.0235857,0.11,0,24.7,-0.121,-4.01,-0.155,-8.55,3,0.16,20.03,121,,,,,
D,Asp,Aspartic Acid,-0.22,0.04,0.0039,3,1.75E-06,1.36E-06,2.54E-06,1.42E-06,0.07377422,-7.41E-06,3.83E-06,0.05472696,1.72E-07,1.12E-06,0.8775773,-3.97E-07,1.11E-06,0.7211368,2.87E-08,1.06E-06,0.978363,0.407,0.009109333,0.007548097,0.009083796,0.007581976,-0.001262514,0.009930069,0.029271155,0.015002095,0.027504395,0.014144193,1.382967138,1.145789588,1.179627235,0.740797681,0.030366466,0.015893415,0.028633279,0.014982823,0.00672513,0.016697119,0.014890492,0.029081123,0.01500148,0.028914246,0.005956899,0.016655547,0.313493966,0.598468638,0.11029367,0.339488869,0.018305767,0.032637711,0.009167029,0.018506143,0.000143776,0.000441082,0.019292195,0.017575969,111.1,15.5,Non-essential,Non-essential,-0.7485,0.634,-0.8,-1,3.44,2,4,6,-0.78,-4.2,0,0,2,0.0025,0.0026,0.0103,-0.0011,-0.0018,-0.042,0.03,-0.0039,0.00229,0.052,0.047,0.033,NA,0.074,0.016146846,0.006219062,0.00138508,0.006180849,0.019689289,0.0061016,-0.00837811,0.01602935,0.040415072,0.012221275,0.008145565,0.012333,0.046401295,0.011977852,-0.004560466,0.032073096,0.0469,0.0435,0.0509,0.0509,0.0436,0.0508,0.0511,0.044,0.0505,5.16E-09,1.82E-09,1.30E-07,3.17E-06,0.00190408,0.000765676,-0.000151177,0.000114159,0.5,0.04651458,0.04706628,-0.149,0,12.7,0.146,6.69,0.216,11.21,7,0.03,0.06,133,,,,,
E,Glu,Glutamic Acid,-0.25,-0.17,0.0137,7,-1.50E-06,-3.85E-06,9.95E-06,2.19E-06,5.82E-06,-5.11E-06,6.77E-06,0.4514546,-2.46E-06,1.29E-06,0.05658818,-5.25E-07,1.42E-06,0.7111336,-1.93E-06,1.26E-06,0.1261407,0.781,-0.056190679,0.009056956,-0.055954736,0.009044816,-0.038104241,0.007693474,-0.10008206,0.018667386,-0.079413138,0.022762647,-0.590935887,1.149032773,-0.579320611,0.750072215,-0.105904097,0.019765981,-0.083963279,0.024102579,-0.16322641,0.046580577,-0.116030159,0.043415965,-0.11456135,0.043242694,-0.164442987,0.046361385,-1.774214313,0.675574164,-2.29743462,0.641580756,-0.095908132,0.036868798,-0.123375164,0.035054777,0.002517021,0.000556513,-0.015308039,0.016679177,138.4,9.5,Non-essential,Non-essential,-0.7893,0.589,-0.77,-1,3.26,2,4,5,-1.46,-6.4,0,0,2,-0.0096,-0.0162,-0.0035,-0.0123,-0.0065,-0.15,0.03,-0.0137,0.00244,0.065,0.048,0.033,NA,0.136,-0.036920267,0.007163942,-0.049652333,0.017368154,-0.024378163,0.005061082,-0.105009977,0.032861198,-0.064407295,0.014707156,-0.078822895,0.035166153,-0.039452462,0.010461105,-0.185538232,0.066313922,0.0689,0.0617,0.0679,0.0733,0.0617,0.0679,0.0741,0.0615,0.068,1.08E-09,1.90E-09,2.41E-06,4.46E-06,0.000354591,0.000784375,-7.13E-06,0.000162306,0.5,0.06997581,0.06798734,-0.013,0.24,15.3,0.252,9.88,0.193,12.33,14,0.46,0.3,147,,,,,
F,Phe,Phenalalanine,0.34,0.07,-0.0042,17,1.51E-06,2.95E-06,2.35E-06,1.35E-06,0.08084958,1.92E-06,4.03E-06,0.6346678,-5.39E-06,1.04E-06,2.57E-07,-5.19E-06,1.08E-06,1.60E-06,-5.77E-06,1.02E-06,1.63E-08,0.117,-0.023064626,0.00772071,-0.023156994,0.007746502,-0.012880295,0.004810197,-0.036707071,0.015704547,-0.018329364,0.013063692,-0.197727637,1.422415338,0.22321324,0.835180057,-0.038877071,0.016626346,-0.019348503,0.013831427,0.160154908,0.032611679,0.107647512,0.058044086,0.108951692,0.057755039,0.160159307,0.032423808,2.523878786,1.365769376,4.362609114,0.89252985,0.139135395,0.074471963,0.246934203,0.048292652,0.001621358,0.0004399,-0.034832045,0.015609997,189.9,61,Essential,Essential,1.2727,0.864,1.27,1,1.71,2,9,6,-0.62,-3.1,0,0,0,0.0052,0.0048,0.0103,0.0033,0.0026,0.12,0.02,0.0042,0.00091,0.042,0.053,0.033,4.067,NA,-0.012330707,0.003761693,-0.035944043,0.006930495,-0.015743825,0.00471625,0.010001517,0.018600802,-0.025304912,0.007499426,-0.061554075,0.014276222,-0.033453948,0.009366695,0.019936308,0.037177699,0.0362,0.0391,0.0301,0.036,0.0389,0.0301,0.0371,0.0387,0.0294,-1.39E-09,1.10E-09,3.49E-06,2.04E-06,-0.000410254,0.000458532,0.000139902,7.38E-05,0.166666667,0.036051445,0.037640675,0,0.75,52,-0.311,-14.22,-0.1,-2.74,5,20.09,20.05,165,,,,,
G,Gly,Glycine,-0.08,-0.03,0.0063,1,1.38E-06,5.45E-06,-1.18E-05,2.03E-06,7.04E-09,5.35E-07,5.96E-06,0.9286133,9.01E-06,1.55E-06,7.01E-09,7.99E-06,1.58E-06,4.36E-07,8.71E-06,1.51E-06,8.57E-09,0.437,0.096847208,0.011143487,0.096342426,0.010993662,0.052961112,0.015864068,0.15575552,0.024378033,0.108807761,0.018852702,3.298648177,1.384987278,2.327790669,0.906210362,0.165448295,0.02577891,0.115049309,0.019967025,0.137085214,0.041509161,0.209093055,0.059303964,0.210325293,0.059001938,0.137856813,0.041292226,3.294707587,0.942825873,2.104386794,0.657246482,0.173509034,0.051611153,0.10165101,0.036192507,-0.005691952,0.000626641,0.018508396,0.00910348,60.1,14.5,Conditionally essential,Non-essential,-0.1771,0.731,-0.41,0,2.94,4,5,6,0,0,0,0,4,-0.0016,-0.0087,-0.0075,0.0017,0.0082,-0.098,0.03,-0.0063,0.00253,0.072,0.059,0.066,NA,0.093,0.063880361,0.010487912,0.030880243,0.015217169,0.048667248,0.00969042,0.099997037,0.012113374,0.11877579,0.021412416,0.051573946,0.030578463,0.095524937,0.019443689,0.161530321,0.0265827,0.0553,0.0575,0.0617,0.0604,0.0574,0.0617,0.0595,0.0572,0.0629,-1.28E-09,3.49E-09,5.00E-06,8.32E-06,-0.001142946,0.001432326,0.00030862,0.000301119,0.833333333,0.06653347,0.0639677,-0.031,0,11.7,0.067,3.65,0.235,8.06,19,20.1,0.06,75,,,,,
H,His,Histidine,0.18,0.09,-0.0073,14,1.83E-07,2.87E-07,-4.20E-07,9.72E-07,0.6660983,-2.41E-06,3.04E-06,0.4298926,-1.70E-06,7.15E-07,0.01740469,-1.49E-06,7.57E-07,0.0489517,-1.73E-06,6.85E-07,0.01185594,0.259,0.010394595,0.003045766,0.010492017,0.003032478,0.008850913,0.003269955,0.015984469,0.006191781,-0.003895125,0.010625502,1.440329472,1.248940953,0.524631713,0.8185028,0.016908477,0.00655566,-0.003895134,0.011250092,-0.021190076,0.014640876,-0.063667081,0.041313741,-0.060286648,0.041501643,-0.020090603,0.01468377,-2.130085634,1.540717799,-0.756174321,0.565596099,-0.118890157,0.084005364,-0.043095429,0.030828374,-0.000682897,0.000172958,-0.032167461,0.018203622,153.2,29,Essential,Essential,0.1204,0.731,0.49,-1,4.22,2,6,8,-0.95,-4.5,0,0,2,0.001,0.0004,-0.0008,0.0028,0.0018,0.178,0.03,0.0073,0.00107,0.022,0.032,0.033,1.592,NA,0.005289131,0.00562882,0.007198032,0.007167438,0.00527472,0.008390669,0.008585092,0.003989413,-0.004309,0.011286286,0.008192552,0.014367952,-0.01363697,0.016751033,0.019894532,0.007918183,0.0264,0.0282,0.0267,0.0261,0.0282,0.0268,0.026,0.0283,0.0267,5.30E-10,8.52E-10,2.48E-06,1.89E-06,0.000196359,0.000351695,0.000118301,6.82E-05,0.5,0.026336265,0.02645848,0.01,0.46,38.3,-0.132,-8.65,-0.13,-8.38,8,0.23,0.12,155,,,,,
I,Ile,Isoleucine,0.08,-0.06,-0.0089,12,3.38E-06,5.10E-06,6.92E-06,1.40E-06,7.71E-07,-2.98E-07,4.08E-06,0.9419102,4.17E-06,1.05E-06,7.16E-05,3.78E-06,1.06E-06,0.000395926,3.87E-06,9.51E-07,4.85E-05,0.09,-0.101535933,0.010759563,-0.101678912,0.010792368,-0.054051966,0.012790484,-0.164083161,0.024296443,-0.142075745,0.022812086,-2.773902466,1.352308262,-1.976351322,0.852715981,-0.174423623,0.025681425,-0.151072722,0.024115933,0.124189596,0.04405614,0.159781628,0.051703834,0.157806721,0.051522599,0.122159464,0.043946894,2.920110182,0.980152634,2.636868776,0.978178091,0.167822932,0.05323449,0.157776112,0.053010681,0.006493724,0.000569028,-0.072971195,0.016799889,166.7,38,Essential,Essential,1.1109,0.875,1.31,1,3.95,3,5,4,-0.76,-2.6,0,0,3,-0.0092,0.0026,-0.0073,0.001,-0.0329,0.072,0.04,0.0089,0.005,0.068,0.077,0.049,2.12,NA,-0.091136658,0.008470631,-0.104055442,0.019167317,-0.093460483,0.008636935,-0.064703159,0.022164994,-0.150119964,0.019472903,-0.166838659,0.040021402,-0.154266756,0.019861644,-0.099871156,0.044958786,0.042,0.0415,0.0348,0.0437,0.0417,0.0349,0.0471,0.0419,0.0335,6.26E-10,1.87E-09,2.80E-06,4.88E-06,0.000553114,0.000765593,0.000158575,0.000176725,0.111111111,0.04253802,0.04401183,-0.111,0,32.3,-0.154,-3.27,-0.039,0,6,0.02,20.04,131,,,,,
K,Lys,Lysine,0.07,-0.19,0.0065,15,1.06E-07,-1.75E-06,8.26E-06,2.07E-06,6.63E-05,5.82E-06,6.63E-06,0.3807064,-1.68E-06,1.46E-06,0.2498303,-7.03E-07,1.50E-06,0.6397353,-1.61E-06,1.36E-06,0.2353098,0.588,-0.134890916,0.010085081,-0.134528989,0.010017587,-0.078355839,0.015230027,-0.228192982,0.024015972,-0.178219644,0.021545702,-2.992401743,1.184013196,-2.375480609,0.72205085,-0.242352237,0.02536304,-0.189273755,0.022768232,-0.135551919,0.048926961,-0.144417896,0.030868765,-0.143795595,0.030710345,-0.136813017,0.048695384,-2.520013029,0.526792322,-2.388774587,0.814237667,-0.130636705,0.029009047,-0.120144136,0.044660683,0.00773583,0.000584726,-0.018455302,0.021054146,168.3,36,Essential,Essential,-1.1806,0.554,-1.18,-1,3.03,2,5,5,-1.89,-9.3,0,0,2,0.0036,-0.0042,0.0216,-0.0048,0.0018,-0.014,0.03,-0.0017,0.00346,0.103,0.1,0.098,NA,0.109,-0.102363365,0.007869384,-0.091662239,0.010803699,-0.085923452,0.006983699,-0.172440931,0.023464538,-0.174054624,0.01865316,-0.146482052,0.023907194,-0.149621238,0.016019695,-0.282675016,0.050374597,0.06,0.0605,0.055,0.0619,0.0606,0.0551,0.0637,0.0603,0.0534,3.18E-10,2.15E-09,1.12E-06,5.72E-06,0.000386167,0.000886561,3.39E-05,0.000207861,0.166666667,0.05630949,0.0564038,-0.011,0.33,30.3,0.281,15.03,0.224,16.32,16,0.59,0.25,146,,,,,
L,Leu,Leucine,0,-0.04,0.0017,8,-7.14E-07,1.41E-06,1.36E-05,2.28E-06,2.82E-09,2.79E-06,7.28E-06,0.7023908,6.12E-07,1.61E-06,0.7043893,-4.77E-07,1.66E-06,0.7741583,8.91E-07,1.58E-06,0.5734422,0.195,0.020713741,0.013309254,0.020523314,0.013346565,0.012294303,0.014319325,0.029466384,0.026808202,0.038810944,0.029727975,1.107649281,1.338987033,1.017963363,0.821999967,0.032412583,0.028370404,0.042331954,0.031459146,0.164828995,0.040880695,0.122596475,0.139725501,0.127998595,0.139243453,0.165182498,0.040649918,1.278300387,1.395208891,1.683744352,0.416954484,0.067624144,0.076117983,0.091625945,0.022750226,-0.001787749,0.000761864,-0.017506538,0.00967662,166.7,37,Essential,Essential,0.9138,0.853,1.21,1,2.25,6,6,4,-0.71,-2.7,2,0,4,-0.0212,-0.0089,-0.0341,-0.0141,-0.0277,-0.075,0.04,-0.0065,0.00333,0.059,0.051,0.033,NA,0.092,0.011584354,0.011982879,0.07305279,0.024680433,0.015056702,0.012998038,0.066349077,0.030905266,0.012291922,0.024019987,0.090392979,0.050474395,0.019899527,0.02606435,0.095647183,0.062361462,0.1012,0.1022,0.0959,0.0988,0.102,0.0958,0.0991,0.1014,0.096,-4.58E-09,3.39E-09,9.39E-06,7.49E-06,-0.001967007,0.001394752,0.000366799,0.000271628,0.388888889,0.09900914,0.100343615,0.05,0,27.3,-0.304,-12.97,-0.283,-19.98,4,0.18,0.09,131,,,,,
M,Met,Methionine,0.23,0.17,-0.0088,19,-3.69E-07,9.49E-07,1.41E-06,7.90E-07,0.07520578,-1.33E-07,2.65E-06,0.9600021,6.04E-07,6.02E-07,0.3158916,9.26E-07,6.38E-07,0.1471159,6.83E-07,5.76E-07,0.2357229,0.291,0.000780939,0.004784179,0.000755376,0.004804939,-0.00368901,0.005228951,0.01211434,0.009538006,0.023700201,0.009013948,1.327337838,1.144526339,1.667212393,0.75499473,0.012407689,0.010102573,0.024746999,0.00955103,0.014969381,0.012419317,0.072775268,0.03110186,0.072945133,0.030924122,0.015541957,0.012388562,3.320178634,1.472840886,0.699823792,0.574163653,0.183047475,0.080297515,0.038917599,0.031309705,0.000470087,0.000274479,-0.030567491,0.022813135,162.9,36.5,Essential,Essential,1.0124,0.841,1.27,1,4.13,1,6,5,-1.46,-4.4,0,0,0,0.0063,0.0059,0.0055,0.0062,0.0077,0.219,0.03,0.0088,0.00126,0.025,0.038,0.016,1.595,NA,0.00241658,0.004752652,0.021892518,0.00800957,0.005225607,0.005067363,0.011116997,0.008607976,0.014964215,0.009406869,0.048680436,0.015884645,0.019959008,0.010003194,0.030315758,0.017096948,0.0197,0.0194,0.0178,0.0208,0.0195,0.0178,0.022,0.0195,0.0175,2.84E-09,8.13E-10,8.35E-07,1.55E-06,0.001193963,0.000333301,4.07E-07,5.65E-05,0.333333333,0.021037,0.02202924,-0.087,0,34.3,-0.12,-4.15,0.082,2.05,12,20.55,20.24,149,,,,,
N,Asn,Asparagine,0.1,-0.04,-0.0073,13,1.58E-06,-2.01E-07,-1.38E-06,1.23E-06,0.262654,2.43E-06,3.62E-06,0.5032409,-3.37E-06,8.60E-07,9.25E-05,-3.74E-06,8.88E-07,2.60E-05,-3.59E-06,8.01E-07,7.37E-06,0.285,-0.077255039,0.010973429,-0.07697616,0.010961874,-0.037946905,0.013796795,-0.121400096,0.023615698,-0.073743005,0.01770869,-2.270707697,1.235605384,-1.158978607,0.796788963,-0.129548796,0.024956455,-0.078826262,0.01872103,0.00024392,0.024587214,0.034861125,0.032921078,0.034731381,0.032732216,2.95E-05,0.024448464,0.885598019,0.853400796,-0.062739652,0.632754013,0.056621447,0.046467065,0.009424891,0.034503775,0.00515029,0.00058631,-0.021832629,0.022479097,114.1,18.5,Non-essential,Non-essential,-0.2693,0.658,-0.48,-1,4.1,2,2,6,-1.03,-5.6,0,0,2,-0.0052,0.0037,-0.0002,-0.0041,-0.0201,0.101,0.04,0.0073,0.00268,0.04,0.048,0.033,1.985,NA,-0.049630821,0.008459129,-0.033237726,0.00817521,-0.041225456,0.008025618,-0.069951011,0.013153513,-0.075773154,0.017930284,-0.048277391,0.016884852,-0.06271393,0.016797173,-0.108578695,0.027543068,0.0363,0.0388,0.0367,0.0387,0.0389,0.0367,0.04,0.039,0.0357,3.05E-09,1.52E-09,1.39E-07,4.69E-06,0.001417272,0.000617514,-1.26E-05,0.000170248,0.166666667,0.03521263,0.03546732,-0.095,0,14.7,0.189,6.6,0.027,4.13,1,20.47,20.49,132,,,,,
P,Pro,Proline,-0.36,-0.15,0.0139,5,-4.23E-06,-5.96E-06,-2.27E-05,2.40E-06,9.63E-21,6.43E-07,5.29E-06,0.9034263,-7.62E-07,1.12E-06,0.4968856,8.12E-08,1.09E-06,0.9406974,-4.23E-07,1.07E-06,0.6922511,1,0.100387576,0.018746624,0.100451113,0.01883076,0.064227367,0.022081855,0.139488266,0.039973407,0.052570683,0.017085045,3.243379338,1.424028998,1.801741146,0.904824444,0.149237947,0.042272861,0.056412205,0.018067856,-0.151137611,0.051920398,0.047245909,0.034410829,0.048809082,0.034322325,-0.149102182,0.051744648,1.030409759,0.745294964,-2.567659732,0.875193438,0.051472066,0.040706476,-0.155439129,0.047321416,-0.007455855,0.000998276,0.034615108,0.012885205,112.7,14.5,Conditionally essential,Non-essential,-0.1799,0.658,0,-1,3.03,4,6,7,-0.06,0,0,0,4,-0.0022,-0.0087,0.0005,-0.0042,0.0037,-0.362,0.04,-0.0139,0.00262,0.043,0.022,0.066,NA,0.101,0.034723284,0.008543576,0.022921303,0.007494807,0.026199538,0.007720183,0.056010568,0.01930192,0.057638508,0.017452399,0.030162707,0.015321104,0.052359756,0.015430497,0.065173536,0.039501442,0.0551,0.0528,0.0622,0.0588,0.0529,0.0624,0.0575,0.0522,0.0641,-5.01E-09,4.05E-09,5.63E-06,9.93E-06,-0.002837429,0.001641045,0.00039545,0.000359071,0.833333333,0.06437272,0.06147615,0.05,0,20.3,-0.036,-2.89,-0.061,-2.05,11,0.43,0.39,115,,,,,
Q,Gln,Glutamine,0.11,-0.09,-0.002,11,-2.52E-06,-5.06E-06,3.46E-06,1.79E-06,0.05328059,-3.20E-06,5.94E-06,0.5904579,-3.86E-06,8.12E-07,2.10E-06,-2.92E-06,7.92E-07,0.000229991,-3.57E-06,7.36E-07,1.28E-06,0.665,-0.002703676,0.00624045,-0.002401443,0.006140267,-0.000975042,0.002735057,-0.003399641,0.012276627,0.002478198,0.014695121,0.752992005,1.136228876,0.709603078,0.783704681,-0.003535865,0.012997605,0.003037103,0.015557296,-0.142587839,0.029588793,-0.082159162,0.054295572,-0.078728376,0.054317276,-0.140951169,0.029558125,-1.809853793,1.282548676,-2.93194763,0.616515567,-0.099533568,0.069946417,-0.164090242,0.033452724,-0.000204486,0.00035489,0.021556014,0.017724331,143.8,10.5,Conditionally essential,Non-essential,-0.4114,0.636,-0.73,-1,3.73,2,4,5,-1.73,-7.8,0,0,2,0.0103,0.0057,0.0193,0.0037,0.0123,0.037,0.04,0.002,0.00184,0.038,0.041,0.033,3.821,NA,0.010053698,0.006902766,-0.005567352,0.007116636,0.013994232,0.00597601,-0.013240001,0.01638098,0.011848886,0.013879323,-0.010274822,0.014229607,0.018206254,0.012107269,-0.028746674,0.032723939,0.0503,0.0498,0.0494,0.0486,0.0497,0.0495,0.0484,0.0498,0.0497,1.24E-09,1.24E-09,2.29E-06,2.61E-06,0.000465477,0.000514515,5.79E-05,9.52E-05,0.5,0.04727122,0.04708389,0.06,0,16.3,0.016,0.08,-0.137,-9.84,9,0.59,20.38,146,,,,,
R,Arg,Arginine,-0.08,0.18,-0.0038,10,-1.29E-06,-2.24E-06,2.98E-06,1.94E-06,0.1232735,8.46E-06,5.85E-06,0.1495614,-6.24E-07,1.20E-06,0.6034024,-3.41E-07,1.32E-06,0.7964742,-2.78E-07,1.17E-06,0.8122064,0.394,0.083717803,0.00766964,0.083544556,0.007670669,0.052703566,0.011583227,0.125665926,0.018444154,0.100608381,0.017652943,3.112654905,1.273306379,2.558077205,0.820501408,0.133565755,0.019496139,0.107017086,0.018664516,-0.004958036,0.031945351,0.004232089,0.054708994,0.0063771,0.054523837,-0.00499027,0.031761369,0.091438691,1.038068508,-0.148627706,0.579741752,-0.005575981,0.056620845,-0.020175885,0.031574976,-0.005278288,0.00039706,-0.009803655,0.008953327,173.4,20.5,Conditionally essential,Non-essential,-0.0876,0.639,-0.84,-1,3.37,6,6,5,-1.88,-13.7,2,0,4,-0.0059,-0.0041,-0.0286,0.0018,0.0074,0.052,0.05,0.0038,0.00433,0.051,0.056,0.098,3.195,NA,0.074086048,0.007807218,0.048869625,0.007877586,0.066073113,0.008238031,0.076793302,0.012975797,0.111270196,0.018069246,0.073496153,0.016849136,0.094179296,0.018591176,0.12128273,0.027378027,0.0555,0.0613,0.0607,0.0551,0.0613,0.0605,0.0531,0.0616,0.0616,2.27E-10,2.95E-09,3.50E-06,6.91E-06,-0.000344003,0.001214798,0.000116052,0.000251004,0.722222222,0.057154475,0.055749325,0.08,0,27.3,-0.108,-8.54,-0.041,-2.14,17,0.72,0.52,174,,,,,
S,Ser,Serine,0.04,0.05,-0.017,6,-3.83E-06,-7.75E-06,-1.42E-05,2.19E-06,1.19E-10,6.33E-07,6.71E-06,0.9250434,-1.61E-06,1.00E-06,0.107516,-3.26E-06,1.13E-06,0.003988755,-1.40E-06,1.00E-06,0.163653,0.713,0.024355381,0.013698795,0.025059685,0.013442567,0.02528435,0.009429691,0.045750347,0.026934846,0.047963805,0.012851879,1.339264691,1.062483084,1.327351032,0.697401925,0.048039439,0.028522177,0.050681091,0.013609689,-0.310871814,0.054890211,-0.043124554,0.051071977,-0.039847766,0.051102126,-0.307691109,0.054858526,-0.550216856,0.74177459,-3.665899718,0.652511647,-0.027311481,0.040476634,-0.197975257,0.035687329,-0.001466972,0.000777262,0.028946326,0.009050981,89,14.5,Non-essential,Non-essential,0.1376,0.722,-0.5,-1,3.96,6,2,4,-1.11,-3.9,2,2,4,0.0116,0.0138,0.0297,0.002,0.0009,0.135,0.03,0.0167,0.00356,0.062,0.08,0.098,1.597,NA,0.021985869,0.007316415,0.026320301,0.013013511,0.029421133,0.007046035,0.003815832,0.015468886,0.040793113,0.014702476,0.055673806,0.025954542,0.053435079,0.01426775,0.017180834,0.030884336,0.0969,0.0946,0.1023,0.0851,0.0947,0.1023,0.0827,0.0954,0.1014,5.42E-09,2.53E-09,4.12E-06,4.65E-06,0.002130239,0.00104894,8.56E-05,0.000169511,0.5,0.0838229,0.084575755,0.02,0.13,11.7,-0.099,0.01,-0.223,-8.92,2,20.84,20.57,105,,,,,
T,Thr,Theonine,-0.02,0.08,-0.0091,9,8.32E-07,-4.20E-07,-3.48E-06,1.36E-06,0.01051044,6.53E-07,3.78E-06,0.8630705,2.38E-06,8.91E-07,0.00760904,1.45E-06,9.69E-07,0.1335275,1.54E-06,8.56E-07,0.07302443,0.401,0.000925584,0.007104502,0.001053142,0.007117123,0.00955594,0.00881647,0.010761112,0.014190923,0.024568718,0.010364957,1.002192549,1.146184506,1.107073031,0.75176352,0.010867759,0.015027531,0.025649762,0.010980937,-0.043873565,0.021699856,0.066062471,0.016950117,0.065751769,0.016861282,-0.044091526,0.021578234,1.261085139,0.322917966,-0.816683336,0.398466386,0.072316099,0.017490125,-0.040447894,0.021803866,0.000462717,0.000409441,-0.001628808,0.014308178,116.1,21.5,Essential,Essential,0.1031,0.728,-0.27,-1,4.26,4,3,5,-1.08,-3.9,0,0,4,0.0069,0.0031,0.0116,0.0043,0.0088,0.085,0.02,0.0091,0.00282,0.051,0.061,0.066,1.957,NA,0.008357399,0.005744964,-0.001427565,0.006905995,0.010060091,0.005430698,0.006938397,0.008612138,0.023688155,0.011375146,0.003042476,0.01380267,0.028136335,0.010698058,0.01764743,0.017182979,0.0571,0.0572,0.0596,0.0531,0.0573,0.0596,0.0522,0.0576,0.0589,4.70E-09,2.00E-09,4.24E-06,3.42E-06,0.001732657,0.000838276,0.000163591,0.000124242,0.5,0.053388585,0.05437482,0.03,0,18.7,0.135,5.24,0.003,2.22,15,20.59,20.41,119,,,,,
V,Val,Valine,0.04,0.09,-0.0098,4,2.41E-06,6.37E-06,5.07E-06,1.41E-06,0.000314926,6.87E-06,4.73E-06,0.1480047,7.06E-06,1.15E-06,8.73E-10,7.77E-06,1.30E-06,2.40E-09,7.29E-06,1.15E-06,2.79E-10,0.263,0.023603793,0.006687458,0.023331962,0.006621204,0.001819504,0.006733036,0.056310769,0.012902366,0.099633263,0.012381318,1.738917274,1.216857518,2.123277218,0.788395272,0.059345295,0.01367022,0.105359425,0.01311695,0.103929329,0.03986552,0.134311515,0.027026344,0.133937293,0.026878668,0.102143557,0.039759479,2.003145744,0.402185995,1.69951445,0.647813948,0.109127375,0.021942985,0.095391237,0.035272589,-0.000471464,0.000400727,-0.018456839,0.010227566,140,29,Essential,Essential,0.7599,0.857,1.09,1,3.97,4,4,4,-0.43,-1.3,0,0,4,-0.007,-0.0043,-0.0392,0.0026,0.0128,0.063,0.01,0.0098,0.00182,0.069,0.078,0.066,1.927,NA,0.045094527,0.004637567,0.069937174,0.006771715,0.051116027,0.004871165,0.051826828,0.013933257,0.086970947,0.009527968,0.120711359,0.015046199,0.098015177,0.010100225,0.092715705,0.02817961,0.0662,0.0624,0.0612,0.061,0.0624,0.0612,0.0605,0.0631,0.0614,4.04E-09,2.14E-09,3.41E-06,3.79E-06,0.001644153,0.000883506,-5.45E-05,0.000138005,0.5,0.059038125,0.060848165,-0.069,0,23.3,0.095,5.02,0.219,7.63,18,0.41,0.35,117,,,,,
W,Trp,Tryptophan,0.42,0.11,-2.00E-04,20,5.02E-07,9.19E-07,-1.99E-07,7.59E-07,0.7930612,-4.79E-07,2.50E-06,0.8481861,-1.28E-06,6.27E-07,0.04051672,-1.68E-06,6.57E-07,0.01070872,-1.55E-06,6.18E-07,0.01236893,0.004,0.000667401,0.002420595,0.000604923,0.002417616,0.000538851,0.001852943,0.001014312,0.004832481,0.003168529,0.004074073,0.879976476,1.47014158,0.867657413,0.883597666,0.001183151,0.005116013,0.003303865,0.004313624,0.039397319,0.008502621,0.021164054,0.011430361,0.02146562,0.01137682,0.039454302,0.008454229,1.544476189,0.827209273,3.351499411,0.719347399,0.081391129,0.04516553,0.183631852,0.039203215,-1.95E-05,0.000139866,0.010089419,0.017556543,227.8,75.5,Essential,Essential,0.7925,0.837,0.88,0,1.04,1,17,11,-0.99,-4.4,0,0,0,0.0022,0.0014,0.0047,0.0007,0.0021,0.007,0.11,0.0002,0.00041,0.011,0.012,0.016,NA,NA,0.001606416,0.001867007,-0.007147413,0.008773086,0.002579877,0.001594611,0.00163406,0.004703227,0.003064274,0.003732661,-0.010648659,0.017557249,0.0055799,0.003180942,0.000594204,0.009405116,0.0118,0.018,0.0118,0.0115,0.0179,0.0118,0.0115,0.0175,0.0119,-6.07E-10,4.76E-10,1.13E-06,9.62E-07,-0.00026517,0.000195937,5.75E-05,3.47E-05,0.666666667,0.012359755,0.012071235,0.13,0,74.3,-0.177,-4.96,-0.206,-7.93,13,0.34,0.51,204,,,,,
Y,Tyr,Tyrosine,-0.09,-0.04,5.00E-04,18,1.39E-06,2.11E-06,1.53E-06,1.23E-06,0.2153081,1.48E-06,3.02E-06,0.6254941,-4.55E-06,8.86E-07,2.95E-07,-3.36E-06,8.79E-07,0.000137963,-4.54E-06,8.43E-07,7.74E-08,0.113,-0.033438255,0.006113427,-0.03336576,0.006133984,-0.024193186,0.005412332,-0.048823424,0.012971195,-0.04436126,0.010040025,-0.909179042,1.3550512,-0.649370042,0.785066864,-0.052076105,0.013720117,-0.047298948,0.010616682,0.102305713,0.021330847,0.054072763,0.03290415,0.05488157,0.03274535,0.101763155,0.021229312,1.669486569,1.01763857,3.734732033,0.77599967,0.094392551,0.05545857,0.21151116,0.041992779,0.002452572,0.000325528,-0.02060387,0.020334912,193.6,59,Conditionally essential,Non-essential,0.8806,0.813,0.33,-1,1.38,2,10,7,-1.13,-5.6,0,0,2,0.0025,0.0023,0.0115,-0.0002,-0.0037,-0.042,0.05,-0.0005,0.00118,0.032,0.031,0.033,NA,0.034,-0.03023222,0.004627608,-0.026062213,0.006197741,-0.032735932,0.003733127,-0.009915692,0.01034745,-0.049753868,0.009786305,-0.041518491,0.012730048,-0.056396411,0.008077232,-0.010029789,0.020742796,0.0247,0.0257,0.0199,0.0269,0.0256,0.0199,0.028,0.0255,0.0193,9.72E-10,7.21E-10,1.56E-06,2.03E-06,0.00051152,0.000292938,2.42E-05,7.38E-05,0.166666667,0.025999095,0.02707638,-0.111,0,50,-0.15,-6.69,-0.023,2.74,10,0.2,0.16,181,,,,,
