"","NonTrans_Estimates","NonTrans_Std.Error","Trans_Estimates","Trans_Std.Error","Old_Estimates","Old_Std.Error","Young_Estimates","Young_Std.Error"
"A",0.045171370737064,0.0218761696523153,0.0483022799128949,0.0279339461843496,0.0425552747066142,0.0223487872337865,0.0521811736743455,0.0287932336450447
"R",0.118353519701963,0.0191006427613451,0.0780758001188613,0.0178283951620706,0.100316979595973,0.0196558857434647,0.128432566410401,0.0289844334956023
"N",-0.0809830124468659,0.0189549561562422,-0.0518582968679417,0.0178575532986368,-0.0670733080782859,0.0177613168134346,-0.116035715471541,0.0291229883298308
"D",0.042289777109991,0.0129530888854104,0.00833904534839624,0.0130587449607082,0.0487469793511703,0.0126938405629121,-0.00590945922195489,0.03395479387559
"C",-0.00731273048185463,0.0113196258122449,0.0378691399376145,0.0174389322361519,-0.0154381928455063,0.0126920456218856,0.0568115002716879,0.028619184852297
"E",-0.0679279822778242,0.0155806098546789,-0.0839436882885804,0.0372213148584304,-0.0417326564865484,0.0110765222225167,-0.197125529357662,0.0701906685461199
"Q",0.0130478607756759,0.0146904412849671,-0.0109037676950465,0.0150649425251408,0.0196992692598507,0.0128125449504359,-0.03062758541537,0.0346438583583831
"G",0.125619201106887,0.0226759478250536,0.054324124306097,0.0323779561321098,0.10107053681403,0.020588030904087,0.171205288366107,0.028133431723403
"H",-0.00440191641406117,0.0119494870598527,0.00925801491880413,0.0152085766379301,-0.0140793217363722,0.0177370815430035,0.0210684183917092,0.00838297588533516
"I",-0.159592759638583,0.0205719838123333,-0.177742000062373,0.0423309880835242,-0.163957853978372,0.0209849312147147,-0.105947219698426,0.0475944575084837
"L",0.01398897924774,0.0254258264815366,0.0979075158100192,0.0534032406937473,0.0219910139062815,0.0275884653097561,0.103475832100682,0.0659931999103681
"K",-0.184813240182006,0.019704546204063,-0.155855907971425,0.0252695872388285,-0.158899046226303,0.0169201690075219,-0.300580217249397,0.053268367495842
"M",0.0154316535520887,0.00996480942188858,0.0513768451531138,0.0168216250023849,0.0207224784465588,0.010597550644339,0.032067418188702,0.0181012384604107
"F",-0.0267875411256987,0.00793985052642971,-0.0651822721071884,0.0151139299775198,-0.0353588078004451,0.00991850742592412,0.0217811438478102,0.0393574073954941
"P",0.0617974115415716,0.0184547224485403,0.0325232201053272,0.0162105002108882,0.0559213075449082,0.0163220590117699,0.0704706713893289,0.0417994579260264
"S",0.0429419061441982,0.0155716643273347,0.0593738079693371,0.0274704015839225,0.0562248188958825,0.0151167718325891,0.0181950851095094,0.0326976951219273
"T",0.0246161930308688,0.012051342383805,0.00321355201381647,0.0146131131916277,0.029364687428754,0.0113358153350008,0.018405195837103,0.0181943517878255
"W",0.00325035760072084,0.00395178136606034,-0.0116963915196087,0.0185858593352546,0.00591743876389813,0.00336756046721173,0.00056395340565537,0.0099573746079937
"Y",-0.0530565353037493,0.0103439777550511,-0.0441897087133161,0.0134708577936279,-0.0599974720801939,0.0085338385993765,-0.0108736435442547,0.0219596318732126
"V",0.0919139036395844,0.0101003700784358,0.127533330633764,0.0159481447855264,0.103750160296662,0.0106949528060948,0.0982791487522755,0.0298307620160773
