"","A","R","N","D","C","E","Q","G","H","O","I","L","K","M","F","P","U","S","T","W","Y","V"
"4",0.0733559670802388,0.0384143536989082,0.0348082176327746,0.030176266777648,0.0270985604896464,0.0369114309970309,0.0283817407254584,0.0632926130445919,0.0198998485387439,0,0.0737864018525369,0.124059452040826,0.0409976874353793,0.0283432176090606,0.0665151943124365,0.0417358662009239,0,0.0739302413609933,0.056540701791829,0.0192189693662673,0.0407096278326361,0.0813573799123531
"5",0.0728109322856738,0.0391546411627915,0.0355419411071605,0.0291866933937327,0.0267496616011361,0.0354577426254375,0.0278718916957779,0.0609338056612315,0.0206374482994537,0,0.0773993533674029,0.125428993027121,0.0407740936639404,0.0294708690529254,0.0678476013883562,0.0410226010773755,0,0.0724062294104843,0.0559353320583123,0.0199100106251749,0.0409830461080761,0.0804668612887733
"9",0.0754481645684828,0.0415985605229802,0.0335369547830503,0.0313129141572357,0.0245989637810457,0.0397601252618048,0.0308347494763903,0.0655533963837229,0.0210172223745358,0,0.0670865171195629,0.129415664388702,0.0387786700427877,0.0268489473648726,0.064392148653447,0.0434978754370904,0,0.0724912458762932,0.0555727568159143,0.0197112014706014,0.0387984710037124,0.0797404667653959
"12",0.0753682052130453,0.0406898031216842,0.0325464746188641,0.0304508216619199,0.0251446255654213,0.0379488408024794,0.0301326925085162,0.0655326571312896,0.0210897016529848,0,0.0675034747305523,0.130227798598313,0.0379288333752164,0.0279500656866029,0.0658541397358576,0.0428680057798626,0,0.0721116946026694,0.0562729328614508,0.0196526112134919,0.0389011465767577,0.0815922007594795
"14",0.0744343027234223,0.0403956060499481,0.0321371026809859,0.0294656507003727,0.0283705289207212,0.033938442251387,0.0286305524682851,0.0597396705186115,0.02279742015796,0,0.0699817030815943,0.133327457612655,0.0362384773536321,0.0295930393885475,0.0660093950397898,0.0427305471060829,0,0.0757667900126962,0.057395576621259,0.0168265832623178,0.0402785650977131,0.0819361322376755
"15",0.0758278372484384,0.0419087976524315,0.0326277271036675,0.0305351375058874,0.0255884943635888,0.0382755220133682,0.0301169715482824,0.0638811252923464,0.0214783830402503,0,0.0671776470080842,0.132104732142895,0.0380574542013569,0.0271175182838015,0.0647420554336421,0.0431798079320123,0,0.0736927224043452,0.0556241308901131,0.0191804046712245,0.0389627924863794,0.0799137705133644
"16",0.0749209873900983,0.0415733272476442,0.0330208965527329,0.0311552344940635,0.025307995736056,0.0390117872727123,0.030430200900877,0.0645311918838788,0.0210854771201555,0,0.0679884585988777,0.129954107739552,0.0386275559756926,0.0273370084922332,0.0651003751338198,0.0436211017413237,0,0.072548779116914,0.0552249761158798,0.0194474276185452,0.0388132689932467,0.0803001790966179
"18",0.0771395516848192,0.0415241428194135,0.032250501420951,0.0286595774944134,0.0277112686396035,0.033001029031049,0.0282013754521028,0.0620567796521713,0.0216826666434717,0,0.0704390895475887,0.134012486166089,0.0355116224619379,0.0288174191038441,0.0652961227885114,0.042887094791744,0,0.0737789655445081,0.0564348247810059,0.0190115960830145,0.0390418629561157,0.0825186815598988
"20",0.0752912327710237,0.0412662726206293,0.0328190476751472,0.0300518795588421,0.0259664340443665,0.0377396707557338,0.03044963682667,0.0636634835944353,0.0216444296277729,0,0.0681035567414458,0.13140317404186,0.0382729198646448,0.0275973834515604,0.0650099969921044,0.0433030770372227,0,0.0727080633011657,0.0560237962301041,0.0193758222584283,0.0386275588569997,0.0806207136683794
"22",0.0712063933945926,0.0391156286799932,0.0329412255614517,0.029690329173091,0.0281761196624898,0.0335845545433669,0.0279931080098145,0.0580438433579975,0.0226688447889882,0,0.0723362599108826,0.132123372398058,0.0375805043761163,0.030856470351345,0.0668284495301486,0.0419674498502832,0,0.077593345678691,0.0580353145860363,0.0165431002835963,0.0407885734776918,0.0817283688177526
"23",0.0701302455900507,0.0399134093160423,0.0362178878901095,0.0315574450693021,0.0279055429819816,0.0355472786055506,0.028796910656559,0.0615322137140435,0.0200936322438783,0,0.0743221487126288,0.12358145616074,0.0385083361921096,0.0309550360177469,0.0651057379933161,0.0400501780572186,0,0.0742497040297757,0.0565359598078957,0.0193892047023386,0.0408034852585699,0.0848031743621994
"25",0.0763522236028013,0.0415663877629376,0.0323800848513012,0.0297432885156761,0.0265258201985484,0.0360591309435935,0.0294328412789043,0.0638855692574484,0.0214234751347008,0,0.0677881931589081,0.132447954798866,0.0364090223611301,0.0278344318051409,0.0655246303818379,0.0431307951285237,0,0.0730068254080697,0.0557142900557222,0.0192943912708993,0.0398079624920128,0.0816106645858806
"28",0.0726324057490461,0.03769860565227,0.0320566744414739,0.0282283398631307,0.030720711484044,0.0291894118499655,0.0261849073043793,0.0572825171755599,0.0236927233268741,0,0.0760325821762175,0.134333220353345,0.0334879601611749,0.0323524761682837,0.0680727647689744,0.0421313235717136,0,0.0782146556972017,0.0588302695910644,0.0157379689134075,0.0405875604573013,0.0825161674251931
"29",0.0751700165057526,0.040699207658445,0.0327012740926976,0.029630050732291,0.0274460907909862,0.0344849340984925,0.0284574632078733,0.0613239549409774,0.0219249976820913,0,0.0701730058508501,0.132408349686428,0.03698936322937,0.029015387249633,0.0659302331834789,0.0429414001009411,0,0.0744844239716615,0.0571108850765937,0.0176109998691502,0.0400044304393745,0.0814944744235604
"31",0.072213125434158,0.0386918005225795,0.0320975322929726,0.0292535286004341,0.0295121794680802,0.0314835379238426,0.0272499256805502,0.0572677933149319,0.0230457204216122,0,0.0706581949747328,0.13445887401012,0.0351499358743666,0.0307072823519762,0.0664241811720711,0.0421423134439533,0,0.0799293034392832,0.059266391439203,0.01524567658318,0.0418838609623699,0.0832528643619824
"35",0.0753165619437355,0.0409760305014024,0.032670504830839,0.0300613840239661,0.0267296946857507,0.0365759678625743,0.0295675057511025,0.0630717687897993,0.0220212143909184,0,0.0687096841429693,0.132513759817775,0.0374864787893425,0.0279116551992708,0.0650306006992259,0.0431331293046245,0,0.0736828020302364,0.0558885697757652,0.0189330657607618,0.0392394759763385,0.0804492780870707
"36",0.0734826279992789,0.0396829395400355,0.0321691394339955,0.0297562568958189,0.0284663081556341,0.033823658175597,0.0283659106774108,0.0595755704693665,0.022813348920925,0,0.0702826096676697,0.133306973739004,0.0362528877972446,0.0302469751342672,0.0658663263155183,0.0426954503801555,0,0.0771941369547202,0.057422159824154,0.0169278409164087,0.0406965453825382,0.0809667041527318
"38",0.076292463346086,0.0411338563994774,0.032409142818565,0.0297073513284502,0.0267491052569747,0.0358129979741408,0.029352699203743,0.063281638192472,0.0218054342839616,0,0.0685961840220244,0.133729353378232,0.0370079345696869,0.0283469408035502,0.06466089745941,0.0433956226500749,0,0.0733207758227958,0.0561576050313183,0.0185424079392848,0.0391056005149968,0.0805923888820674
"40",0.0760670842547193,0.0421256152751218,0.0321697479403603,0.0303178262857471,0.0261717526419461,0.0367303771764603,0.0298409042860635,0.064297441302066,0.0217643215050826,0,0.0658617435982229,0.132457377593421,0.037087277465457,0.0277369591378988,0.0645815807536917,0.0429870246437866,0,0.0731380213799945,0.0558217341662953,0.0197773980388492,0.0393272159997699,0.0816788493479606
"41",0.0686528665488359,0.0377676831948027,0.0375019606063502,0.0283691466832266,0.0278163103616658,0.0341282884966508,0.0276120680073883,0.0575192716792458,0.0195310940203603,0,0.0831498749641729,0.123930087417598,0.0441125041532647,0.029393110742227,0.0686802118032335,0.0374333709382929,0,0.0725737627251785,0.0577319923728543,0.0195505266153944,0.0417009813116354,0.0828305723411142
"42",0.0724730138120399,0.0401392532476123,0.0360148529013349,0.0285627550363351,0.0285061214138911,0.0334727454217139,0.0267502148231501,0.0599703127461147,0.0194344006613044,0,0.077779318495986,0.124965489633724,0.0386132044411234,0.0301226729781258,0.0663837100467122,0.0398630518042852,0,0.073988068507012,0.0568936447479343,0.0195818237663861,0.0412971070574849,0.0851767147607747
"43",0.070116166199638,0.0348528189844011,0.0322969386027454,0.0286945433341993,0.0318509882588757,0.0285667392541908,0.0252979474680035,0.0564525111230245,0.0242163890654449,0,0.077542783492049,0.132367174806971,0.0329959331089385,0.0329191141650684,0.068631825152498,0.0441720816499106,0,0.081147741385758,0.0606506716004077,0.0137105626914863,0.0426348742338237,0.0808523748371843
"45",0.0749319157214915,0.0410721259263716,0.0332017620566202,0.0304989049710681,0.0257253219812068,0.0381198982821385,0.0302468263686232,0.0636852088410201,0.0213003492684297,0,0.0688441790366739,0.130931405868608,0.0384971772415938,0.0276462138953238,0.0654477128975001,0.0426705845442602,0,0.0724036245976113,0.0558932342529359,0.0194392741859462,0.0387757788541573,0.0806632432985349
"46",0.075753876870798,0.0413807117463509,0.0329178793548225,0.0306350581571957,0.0256927168760374,0.0384705493558165,0.0305668256231659,0.0647500985992297,0.0211159949520612,0,0.0679874197824575,0.130127280337099,0.0382128536367174,0.0273938723003421,0.0648448578931871,0.0432766754019355,0,0.0726623533761459,0.0554336555845494,0.019455162497364,0.038708504745564,0.0806140732703566
"47",0.0750401228462723,0.0409020032169877,0.0333148840752576,0.0302041925643615,0.025707366259936,0.0378502129567557,0.0303692208272751,0.0643896019249689,0.0209632262817889,0,0.0690551257737749,0.130109152885277,0.0385446926122463,0.0275127330030733,0.0650473848805931,0.0428917358456889,0,0.0725496415169904,0.0560998718428682,0.0196039552190076,0.0388676087855544,0.0809678288814978
"49",0.0744857571442109,0.041477758217294,0.0325597557267802,0.0300928801470284,0.0265858826442156,0.036069719383431,0.0294352869763214,0.0621476078254986,0.0218099749080071,0,0.0684094445193351,0.131600130104652,0.0373882913954484,0.0282300029229502,0.065137642233561,0.04297475988431,0,0.075319255942331,0.0564683827409798,0.0185108176386032,0.039483912549066,0.0817993140009316
"50",0.0771275538566902,0.0420513915154485,0.0325495971647633,0.0309191195175866,0.0251147135753938,0.0381753515927326,0.0298510155514846,0.0652877044494063,0.0209226067361926,0,0.0662913632410341,0.130290879836523,0.0379617588489784,0.0275820383079895,0.0649275486450219,0.0438386599998888,0,0.0721111323351725,0.0549878676481234,0.0193824371119784,0.0391885799874163,0.0814336891150742
"51",0.0744885926233766,0.0417594404278074,0.0329123711902215,0.0304878209442321,0.026526557078686,0.0367866356608098,0.029602398973262,0.0621409496592818,0.021811954933537,0,0.0680024730817417,0.131494026401834,0.0375278313949578,0.028237185576776,0.0650166424323912,0.0432850078899923,0,0.0746795605072574,0.0562058227776927,0.0186525188815889,0.0394064119663865,0.0809760582673798
"53",0.0725942178266924,0.0402847545622325,0.0331124502219491,0.0298129562109971,0.0282888428361262,0.0335554894592557,0.0282018245107466,0.0594202276142115,0.0221922762303252,0,0.0718907843344809,0.132691834498211,0.0366916779331927,0.0299584656451813,0.0663884101309543,0.0417193595575327,0,0.0766054011108726,0.0575839198297721,0.017043089027609,0.0405537498860605,0.0812101165073478
"54",0.068749296698661,0.0387588213586608,0.0336841127022801,0.0285256080233952,0.0303170211362976,0.0291564396466245,0.026558122152701,0.0540450060272554,0.0236906270760272,0,0.0766017422020233,0.134145431498249,0.0367856586612101,0.0326010134708906,0.0679658924526743,0.0409690536913612,0,0.0805148894740376,0.0598428304542473,0.014413264303273,0.0415716861874827,0.0811009171038035
"55",0.0730037937767369,0.0402992584766999,0.0328933381679022,0.0298839566352202,0.0281799622923675,0.0336050104242258,0.0281166394701285,0.0597853055801683,0.0220933689895316,0,0.0716428189211727,0.132474525828025,0.0366663824027038,0.0299164705375292,0.0663425721576944,0.0420199910792682,0,0.0766732574703611,0.057486968805504,0.0170668070596065,0.0403223150501765,0.0812024092390717
"57",0.0752992373468374,0.0393260278089768,0.0315018816911844,0.0282448841683983,0.0301427140689836,0.029860120155964,0.0264340568650394,0.0586328313159499,0.023009949216462,0,0.0744331438832119,0.134401089008814,0.0331407944956019,0.0315414287876001,0.0675304638612446,0.0426012727974776,0,0.0762234979200014,0.0581643415685369,0.0163168580996025,0.0404192939744607,0.0827687328770248
"58",0.0751438399067506,0.0396418291892977,0.0321097036939534,0.0290905320622956,0.0280595835123038,0.033144198200133,0.0279812826823421,0.0626252177090837,0.0227319250193981,0,0.0708353998953887,0.132295042814388,0.0352119677818267,0.0299570993079033,0.0660716098694784,0.0445065173820872,0,0.0761815700340853,0.05690942948789,0.0173958109966468,0.0396477993196807,0.0804309863070165
"59",0.0739249332271979,0.0406557345748717,0.0329715670659089,0.0298041187360002,0.0269400354072949,0.0360460900547338,0.0293965548047909,0.0617375498250614,0.0217420488716933,0,0.0690619671720443,0.132484983740289,0.0371345916807049,0.0285457518280604,0.065660385864233,0.0423555502446669,0,0.0752166695915635,0.0568103593550417,0.0187767223507778,0.0397106160671861,0.0810184157302677
"60",0.0749803344490236,0.0409071754446399,0.0331707906627605,0.030363430102544,0.0256713119104336,0.0383282154826997,0.0298577747756744,0.0641825566774795,0.0211724637269741,0,0.0693731052133744,0.129757399618728,0.0388091562755618,0.0276711872396145,0.0650765931350823,0.0429647487116076,0,0.0727396947803422,0.0560148058238811,0.0195961729391052,0.0391279212703385,0.080036282989631
"61",0.0772406198281837,0.0421708025164823,0.0316677909629201,0.0296440189718056,0.0266388018818118,0.036591336621476,0.0298824485468753,0.0637593779234323,0.0215791017706733,0,0.0658862417126422,0.133118360415923,0.036197694339338,0.0276915031726403,0.0652887263759609,0.0428647526564369,0,0.0729875893625833,0.0556174260559221,0.0194750946953795,0.0394302004476845,0.0821537622006837
"62",0.0695111528464125,0.045292977856641,0.0336608886237239,0.0260141829763347,0.0274773779545708,0.024918548203354,0.0269349016788105,0.0549556465068987,0.0252573532515856,0,0.075792618031194,0.140530710199796,0.0339670793131247,0.0310237423809488,0.0600790046130621,0.0417277752645922,0,0.085194945890537,0.060745882585829,0.0170103853334847,0.0349708848190231,0.0848758508138199
"63",0.073049580537541,0.039783656845518,0.0314769103595668,0.0280609591586476,0.0306231715432093,0.0279548625179091,0.0264918928616399,0.0558412865428746,0.0247602071731858,0,0.0731994789871732,0.135486032990257,0.0337830061495146,0.0315413091398734,0.0665776718398517,0.0416969051186967,0,0.0799115040957058,0.0596466504260194,0.0161671369648101,0.039940589473111,0.0836557116976899
"65",0.0749316062790165,0.0398092154435203,0.0314938420874153,0.0280437202434167,0.0299478371302969,0.0297008352867915,0.026403339383813,0.0584200452059607,0.0237687924114161,0,0.0746763687997482,0.134989631348225,0.0333647848647582,0.0314393469674642,0.0666661257283078,0.0426464067056741,0,0.0757933816179688,0.0585079211793503,0.0163093775486925,0.0403256872699472,0.0827520548859061
"67",0.0748804959384138,0.040764224640846,0.0330073101840851,0.0301904562641296,0.0259322952815799,0.0368957794409514,0.0298022492578325,0.0634541406189149,0.0216139596789379,0,0.0692665012585543,0.131414816935319,0.0378039721412381,0.0280907518000825,0.0653235099713191,0.043046663672691,0,0.0733719776703977,0.0562315965054291,0.0190707709273469,0.0391971595815269,0.0806073336297731
"68",0.0751622228265551,0.0412115372617406,0.0330598602846855,0.0302653618983945,0.0259748031793873,0.0375504093975849,0.0296758812306863,0.0635584900587665,0.0215704529179388,0,0.0686682794272819,0.131265821209248,0.0382988147083903,0.0279407776596074,0.0650904798116936,0.0432998208979703,0,0.0731966938588687,0.0559603536101979,0.0193047678258984,0.0390012514967705,0.0799375265025652
"69",0.0750513826651067,0.0408365010721944,0.0324896079667295,0.0291769521736305,0.0279096178872354,0.0332973723655424,0.028084983061494,0.0610447257023414,0.0221619424372387,0,0.0701662883336581,0.133272910390539,0.036212441137609,0.0293624060151189,0.0661127176771288,0.0429250539671192,0,0.0751033950982303,0.0574156100353065,0.0172329380834795,0.04024986742695,0.0818311578725059
"72",0.0724202039372046,0.0381306075253399,0.0349076576747427,0.028256439309139,0.0295727899941718,0.032346493997675,0.0276583399631812,0.0588686573170395,0.0208279044592665,0,0.0776677436160731,0.128071956283091,0.0383813929772951,0.0300609653983613,0.0672249149837643,0.0403179902001599,0,0.0748561279067257,0.058150543369998,0.0187510369544637,0.041512091208205,0.0816137213952899
"73",0.0741985979834753,0.0415148573195054,0.0326076952650539,0.0302300907217017,0.0267288426033264,0.0361188079525964,0.0291168834644271,0.0619209514993592,0.0219983792709273,0,0.0684699067406282,0.131828183005224,0.0375105263242888,0.0286903020519369,0.065314326888805,0.0433645414603367,0,0.0746427078668922,0.0566816860510051,0.0181916245009729,0.0395900273722311,0.0811895393436893
"75",0.0769598715000482,0.0420367474924453,0.0325242732458851,0.0303309573552762,0.0254807037187679,0.0376624312133513,0.0299046777267619,0.0653469497263657,0.020958776832203,0,0.0665405850743467,0.130792968039922,0.037022698094858,0.0272644747758387,0.0651171956453154,0.0435328508946891,0,0.072555616739801,0.0554673847385286,0.0194868985584331,0.0388053411499682,0.0821805115489608
"76",0.0699228423372691,0.0383415411876647,0.0336108660518444,0.028926131695696,0.0295902689729587,0.0312259193765834,0.0265231997322547,0.0566512258669254,0.0226240605779423,0,0.0752713203450938,0.13258879663406,0.0372126588113907,0.0319288697209453,0.0676798481950806,0.0420270469876304,0,0.0794459927467964,0.0584712175677685,0.0150187970826634,0.0415689796995304,0.0813460525526695
"77",0.0760138685061759,0.0411299712937886,0.0328655440107523,0.0304846552501264,0.0252972127849206,0.0384379081278859,0.0305937238329879,0.0649857471263196,0.0210105351796406,0,0.0680983489288453,0.130579794895903,0.0380562406794043,0.0269909503642579,0.0652911608322866,0.04305959802126,0,0.0723311069584267,0.0555333678453719,0.0196827714088172,0.0386673707353685,0.0808813325392814
"80",0.0753818467829612,0.041719047296885,0.0333354202368723,0.0306650138877251,0.0249746789168297,0.039342505800776,0.0303399785244563,0.0650259064262152,0.0209313298699363,0,0.0675995953680687,0.129674117966527,0.0384243401080604,0.0270230915162291,0.0650205268128784,0.0431629818937167,0,0.0728228912847157,0.0553459642529441,0.019771750494734,0.0387446490517552,0.080611159493152
"82",0.0733385079485849,0.0393912789243607,0.0324602232789807,0.029555607076055,0.0288794755659821,0.0318165562706289,0.0274250690873482,0.0587637947563647,0.0230561323484344,0,0.0714535009775016,0.134786298287699,0.035812892517093,0.0306338231902129,0.0670857530355388,0.0425715729427555,0,0.0767945704241478,0.0587562090409213,0.0156867251969974,0.0409215833905744,0.0808079294648922
"83",0.0773822587558951,0.0383713497792891,0.0336218911688582,0.0277246089684814,0.0291309323050258,0.0335568819419459,0.0273162183006232,0.0608875721614188,0.022391736748645,0,0.0735560479992881,0.129114555309247,0.038870362944565,0.0285756985759218,0.0679421140074975,0.0411984124487878,0,0.0761209368894667,0.0552444638912424,0.0193334056204856,0.040294785285686,0.0792950855375401
"84",0.0719458605766562,0.041185287115126,0.0352743085266351,0.0308776627886022,0.027288396445595,0.0359366665922185,0.0287881768144052,0.065923559588692,0.0190539985134575,0,0.0713124864421824,0.123549428013585,0.0368895696766122,0.0303217423191413,0.0641211149068208,0.0430967991240724,0,0.0755239544417855,0.0572084288513889,0.0195552783838968,0.0381641937584955,0.0839377414631588
"86",0.0666353899773406,0.036012691091147,0.0377352120267266,0.030356011839181,0.0287044494766286,0.0340802849474306,0.0281559994716206,0.0595106205554081,0.020029773522679,0,0.0823266187641437,0.125516220752244,0.0403987884871365,0.0291654498119463,0.0670836594043539,0.041015566113465,0,0.0778746889456946,0.0581287017400227,0.0171064222041256,0.0421557262095023,0.0779763264716597
"87",0.073954513463167,0.0422273524661821,0.0344455682254546,0.0295785674329428,0.0280344716860891,0.0335597877784344,0.0281396293577931,0.0622860819827498,0.0190743773200031,0,0.0720307105643719,0.125846682235482,0.036642707067516,0.030859085234499,0.0655356033574171,0.0400550890826745,0,0.0742572371707058,0.0566370206461557,0.0205877789246351,0.0394918447957035,0.0867044879448345
"407",0.0770594740789977,0.0418583998394455,0.0322707297955881,0.029701559705903,0.0251096777534183,0.0384817936054258,0.0305749206446194,0.0647866456140942,0.02165161396149,0,0.0654201417177001,0.132383405207061,0.0378231800516427,0.0267103970350111,0.0652568225399834,0.0433296139846673,0,0.0724199440798726,0.0552777691050778,0.0199198444497587,0.038913260392052,0.0807350760052296
"408",0.0727344314155637,0.0390333528019561,0.0326225286485976,0.0292390912807931,0.0278304180800289,0.0333758146392093,0.0282071840712695,0.0593043002932876,0.0230860448029942,0,0.071043590105285,0.134844266333279,0.0365338657875907,0.0295305463795123,0.0672620353596111,0.0424680311450788,0,0.0761730224801264,0.0577320971544045,0.0171601122590994,0.04075976194183,0.0808588320949215
"409",0.0740892808244828,0.0398555280678013,0.031707054283113,0.0288369854929903,0.0276237920284681,0.033719159996538,0.0282549599792282,0.0599245780051364,0.0228784413120222,0,0.0695450811816657,0.13527947481163,0.0362389068562098,0.0292091573750899,0.0664937992187252,0.0425346860171133,0,0.0751500039113669,0.0569839774106085,0.0169692035957943,0.040158758107764,0.0807715811741756
"410",0.0730045595269537,0.0391210825321243,0.0321355736606283,0.0286306243085665,0.0289083850371224,0.0319704920515117,0.0274090169590934,0.0579366624056666,0.0231662202454523,0,0.0721118424062868,0.134852827505633,0.0361997628659486,0.0307326137193548,0.0670568897550833,0.041941543810443,0,0.0768934034737801,0.0582216996314548,0.0164592939460276,0.0409878971118878,0.0818127150716269
"411",0.0745791861936671,0.0403667770368582,0.0321529366976832,0.0296216179386671,0.026974689068175,0.0348733349051208,0.0291044315969655,0.0615276552433432,0.0221075010649679,0,0.0696728211945967,0.134335455229161,0.0363478390286042,0.0285824622783947,0.0662225866687232,0.0429079740919047,0,0.0752197075077781,0.057023733164319,0.0178398952578775,0.0402289699288244,0.0803113195716528
"412",0.0744537195930959,0.0401947798838791,0.0322324589853215,0.0291281394248058,0.0278714322377985,0.0340052194501733,0.028302130529797,0.0605423868068639,0.0225259205084149,0,0.0696383186671214,0.133226023453644,0.0364767932069262,0.0292296777531547,0.0661988710756484,0.0431211565150662,0,0.0755478091763459,0.0576857410407015,0.0174697781268025,0.0399352583517494,0.0822076708949206
"413",0.0740562439407777,0.0403340464338082,0.0321399889401844,0.0292905093719963,0.0279684837058219,0.0340088863549525,0.0284508198197119,0.059876187661992,0.0225342037966952,0,0.0697617673171564,0.133815905092414,0.0364845058189217,0.0294378568124001,0.0661611441030825,0.0430365453316365,0,0.0755950909876654,0.0576776355616612,0.017281022836995,0.0399672899097688,0.0820007020914591
"414",0.0741964313894239,0.040411902974054,0.0324405094131108,0.0293781024048664,0.0275229353258158,0.0344538980841264,0.028646258256643,0.0606770403614632,0.0222552967501539,0,0.0696374839268075,0.132820020821312,0.0368611390891041,0.0291172309610663,0.065958057231714,0.0425760898866515,0,0.0757555379605089,0.0574140357649314,0.0175875815004254,0.0399453670379751,0.0821772284378635
"415",0.0719776820297872,0.0392782437273413,0.0324824730069556,0.0295434699934239,0.0289057124324556,0.0330196791606968,0.0281880521765343,0.0590949100112232,0.0229448975228751,0,0.0709486434800863,0.133753118148566,0.0367092297685618,0.0297089736228501,0.0672600000897151,0.0417699210775865,0,0.0769913845648681,0.0575519796723422,0.0172920609273496,0.0412036655455264,0.0813764320914662
"416",0.0728059691308902,0.0392998334240836,0.0324723708984293,0.029063007991623,0.0286858128586388,0.0325269447539267,0.0274481445528796,0.0586436455287958,0.0230765805738219,0,0.0724644154387435,0.133781297089005,0.0361406444984293,0.0303416274513089,0.0673655143539267,0.04237742353089,0,0.0771418425633509,0.0579017343078534,0.016340820339267,0.0405400000502618,0.081568072904712
"417",0.0713871986605864,0.0384913397787318,0.0335832579122291,0.0287886660194153,0.0286297795452626,0.0315772754234681,0.0273499016504906,0.0577196419852606,0.0224152421195773,0,0.075671754408834,0.133625679368711,0.0363947910633447,0.0307991820440973,0.0673434085284905,0.0418597208650919,0,0.0778243843691961,0.0591848013665273,0.0157234393963252,0.0413077478994751,0.0803037989648844
"418",0.0743149011246388,0.0406173463784563,0.0328069165910029,0.0299114364011556,0.0277643704292199,0.0343362896822121,0.0281736588423441,0.0596676696553858,0.0222140021667353,0,0.0704281139702848,0.132583798937268,0.0375074878972348,0.0294319148679322,0.0664527941291786,0.0424109069129178,0,0.0747990091518777,0.0571877816962444,0.0176853907036731,0.0405635596471316,0.0811304878250101
"420",0.0730707800772704,0.0402590010443154,0.0327081188830213,0.0290144830858203,0.0284096764487133,0.0328164950932534,0.0274923579478763,0.0586591780733258,0.0223683354797378,0,0.0733551648416742,0.13351772285493,0.0366724506857159,0.0303063669452238,0.0668404428906475,0.0426196148319112,0,0.0751699793001769,0.0583076695092814,0.016352706904987,0.0406321372046133,0.0814134190688479
"421",0.0770230001207804,0.0419636017998849,0.0319777680039883,0.029316383500884,0.0268995414842111,0.0351610367969039,0.0286094544837794,0.0623598631198348,0.0224268845082439,0,0.0693255604852802,0.132935104539287,0.0360889404861025,0.0287580751845113,0.0653621618919864,0.0435557334710744,0,0.0737340038572632,0.0561072850622919,0.0179889846351917,0.0392382830938284,0.0811236610593725
"423",0.0732999537247458,0.0390915741188256,0.0327681774927663,0.0288297857558958,0.0280373031681304,0.033121876800438,0.0280366900350165,0.0597117497855481,0.0226731625211251,0,0.0721264387979157,0.133682249539088,0.0368527340969323,0.0299544047592374,0.0667558742606202,0.0420171083207435,0,0.0764486084375722,0.0573081481816377,0.0171204200221494,0.0401974299909737,0.0817446954939442
"424",0.0739838617923375,0.0407739119129266,0.0321369597626271,0.0289160180115722,0.0284773041289557,0.032270679583225,0.0277425364879355,0.0591759420621357,0.0226520952382695,0,0.0704398350997839,0.136056589832785,0.0359591080310056,0.0299183500096984,0.0661487713959471,0.0428560364110804,0,0.0761025744397802,0.0581972016919131,0.0165449014057188,0.0400457540962008,0.0815758304665113
"425",0.0768056550565116,0.0415805022644341,0.0317684181704056,0.030327627081033,0.0266879856584548,0.0369009246122297,0.0299596806825966,0.063811322899686,0.0223289989315997,0,0.0660035259531225,0.133003526752289,0.0369885801606557,0.027356474621036,0.0645840267588839,0.04339828111725,0,0.0730748506140779,0.0562830990043005,0.0188337141762029,0.0391692701981545,0.0811194934992081
"427",0.0793678153887572,0.0427206228383683,0.0316427143912817,0.029636545482516,0.0250942206176051,0.0384865277636606,0.0301831155653962,0.0662187992247658,0.0210921542831555,0,0.0656271750650377,0.130864603880567,0.0364988743719421,0.0265914505561522,0.0641096805798598,0.0438816931808504,0,0.0721783316804891,0.0550952245487186,0.0201566652564839,0.0381817473263757,0.0820150188863767
"429",0.0718850784492557,0.0396224975956056,0.0325317863320686,0.0288005880608324,0.0285562620798309,0.031479214384535,0.0273877463839796,0.0591267216148613,0.0231713927914459,0,0.0725497605206179,0.134868552631804,0.0359525342744044,0.0304246924003997,0.0671236500762036,0.0424554143444188,0,0.0778255891408814,0.0579217824747516,0.0162968043500249,0.041189425671216,0.0808092453373612
"430",0.0746826419000018,0.0417030482145331,0.0317963231034788,0.0294815478247369,0.0277037172283237,0.0341826079535116,0.0287453930597916,0.0608765834739774,0.0225504043279896,0,0.0681997153152342,0.133830985441488,0.0359697243381394,0.028731064627707,0.0653344618225099,0.0433986182434628,0,0.0762660811210105,0.0570603866577857,0.0177209501261203,0.0395263001247014,0.0821939325761104
"431",0.0758198767595857,0.0415039788368181,0.03193616435454,0.0296473696022839,0.0267331648473656,0.0354811881857783,0.0294155368797902,0.0622856903468473,0.021891757994256,0,0.0677723057785233,0.133873885324557,0.0369253132615432,0.0282218561741997,0.0657078857664007,0.0428943061523908,0,0.0737264893362711,0.0562108568143066,0.0184714661054873,0.0396412202930897,0.0817557244028026
"433",0.0737797192212865,0.0403174282292451,0.0328639634157049,0.0294482130276125,0.0266267337194356,0.0361415157115966,0.0293550795150426,0.0616875528227135,0.0220732459364441,0,0.0704599765739693,0.131898431158377,0.0377949037144482,0.0289151814463731,0.0664811080213959,0.0423257901017118,0,0.0740258835951055,0.0565604638933572,0.018974131006652,0.039565906784066,0.0806142290394976
"434",0.0741160025935768,0.0405442720800913,0.0328663998484411,0.029772162616204,0.0266944599169628,0.0362847351136158,0.0293277633654594,0.061038995826796,0.0222871922342117,0,0.0702236688546636,0.131897200858121,0.0379427621060272,0.0287006908200186,0.0661253191273629,0.0425087430971363,0,0.0743303271535761,0.0565396840852571,0.0182330516900942,0.0393415767560009,0.0808311246624613
"437",0.0756587596551058,0.0410233921004391,0.0323284440591396,0.0293568478632121,0.0271661630048204,0.0351567039623144,0.0288183858908809,0.0620825167459617,0.0221775552932697,0,0.0694188392147442,0.133346896098267,0.0366107460243682,0.0289707766491365,0.0658110247181152,0.043206171423498,0,0.0741369284464616,0.0566324197640472,0.0178170704463675,0.0395298102768451,0.0807467956068289
"438",0.0739871726972905,0.0404043091295718,0.0322222701760087,0.0294374031273913,0.0274638501520353,0.0342224493136398,0.0289194531263755,0.0597587852407171,0.022531980509674,0,0.0698139595904185,0.134492088376912,0.0367912799888934,0.0291331440442086,0.0667921036549441,0.0424326527837033,0,0.0758160165850617,0.0570639760061763,0.0172975720051739,0.040582432471235,0.0808337437340431
"439",0.0788717659945214,0.0429035644036689,0.0316348005784918,0.0297798003525184,0.0260320140505227,0.0381048683328436,0.0302061101946635,0.0652539988249385,0.0214738053289544,0,0.065044892449225,0.131732566806519,0.0363912437825935,0.0264176362556712,0.0642452315599443,0.0442285931148422,0,0.0726879985537703,0.0555700104073295,0.0194969626541327,0.0383912956183761,0.0815293177487025
"442",0.0806458554473025,0.0396666321204326,0.0308078688769354,0.0286530511305496,0.0252087519459629,0.0333121302769936,0.0280436148526243,0.0646951248800569,0.0212947512651246,0,0.0709581321443217,0.133714157950478,0.0353935700904996,0.0298943028475758,0.0657405552713199,0.0425965196129177,0,0.0732218005383,0.0572376433044939,0.0177273339113158,0.0383307933058874,0.0826596945783779
"445",0.0773837949373679,0.0424118663123116,0.0317268295984526,0.0299080098322419,0.0259626256361725,0.0389964707884943,0.0302559147662967,0.0649976379720696,0.0215180089710087,0,0.0649400643999689,0.131427747612104,0.0376057191549379,0.0267566308055973,0.0646725524820231,0.0438412538844146,0,0.0729813583367866,0.0550580062961204,0.0197409772158259,0.0393160568089593,0.0804953626652428
"446",0.0753188268636888,0.0415818193382543,0.0329252076826296,0.0299339688160785,0.0262402052191203,0.0374753254618348,0.0299649268352412,0.062434327828563,0.022601983616197,0,0.0682239836191297,0.132723015386668,0.0383646693691948,0.0276703732949729,0.0646562617346624,0.0432246417940212,0,0.0735390678036934,0.055796317977459,0.0187704861691552,0.0389038265410863,0.0796509772066735
"447",0.0745879063760329,0.0413212795293094,0.0328708435348277,0.0294667688708937,0.0264053661841261,0.035927463514526,0.0298405681407001,0.0608930034872162,0.0222045726817405,0,0.0696750688419289,0.133155200741639,0.0372019580882554,0.0282220337928077,0.0660444935700875,0.0418784205665646,0,0.0741157094297461,0.0560631356950618,0.0185586987867375,0.0400902760103991,0.0807323658839137
"450",0.0757431344448414,0.0411321327968074,0.0325660795687033,0.0296779769900658,0.0270845107760928,0.0354272262596948,0.0288346102436255,0.0615775519210541,0.0215210284676742,0,0.0697057514722192,0.133072123069614,0.0371032556488575,0.0283251355852248,0.0663664584102629,0.0423385400827542,0,0.0740280296978779,0.0561265511313019,0.0183337943570305,0.0399352501492012,0.0811008639703312
"452",0.0746739695736796,0.0403557946228671,0.0321030533494183,0.028493423729604,0.0295136912293496,0.0309341285003731,0.0263908831074662,0.0575780378298956,0.0225859619135656,0,0.0727671329908577,0.135364200362971,0.0352826080430136,0.0306063367460734,0.0669968848693137,0.0422185965751042,0,0.0776162863182266,0.0575450976648629,0.0154806476114352,0.0412255361973779,0.0822363657815729
"453",0.072467441671717,0.0388408267054242,0.0334191223897299,0.0296062268470101,0.0275549652381131,0.0354507846407699,0.0292457671927877,0.0596950506813831,0.0219993995909734,0,0.07170537205677,0.131774697449126,0.0379633553042043,0.0292850833784728,0.0671285925681605,0.041740243225946,0,0.0750071110539046,0.0579813280578213,0.0177758090518559,0.0403728796232236,0.0808827474493945
"455",0.0718499337907026,0.0390174305185937,0.032792866793447,0.028421800957293,0.0290527566308738,0.0320060409851747,0.0271143531831794,0.0576960477661582,0.0230046612538758,0,0.0731360619816006,0.133827694986428,0.0366550904825673,0.0308021305263597,0.0674316745525592,0.0420604316531772,0,0.0767769147187124,0.0586472465796755,0.0157338193511849,0.0409064013243754,0.0826307459082069
"461",0.0726613686315582,0.0386825150828052,0.0358682465698867,0.0312497863646805,0.025807045708855,0.0389351321997611,0.0293522931975125,0.0617339505149123,0.0205263887138681,0,0.0745739532332941,0.121885485536733,0.0423956665514691,0.0291361746360213,0.0660299107886048,0.0405406134481938,0,0.073256284140454,0.0573125810931268,0.0188475358710517,0.0407634262465045,0.0802144769854196
"463",0.0718539929888403,0.0379953735080058,0.0349220402959728,0.0298935370936438,0.026820247501213,0.0372680735322658,0.0284583113537118,0.0600811956089277,0.020312044638525,0,0.0758606331635128,0.123786287554585,0.0416218370208636,0.0291318328238718,0.0675350949296459,0.0400427134158175,0,0.0737082969917513,0.0571685654779232,0.0197620736778263,0.0417058540514314,0.0812677269044153
"467",0.071270170033178,0.0409487972922382,0.0344507911213763,0.0311057196541594,0.0280789905981792,0.0355707343888816,0.0295590808725584,0.0624678079474785,0.0203254394655831,0,0.0699399185277249,0.126300917590007,0.0370085849972244,0.0300122307817794,0.0642488130538725,0.0413680972432983,0,0.0737795184192831,0.0571665973530313,0.0197392777814942,0.0401209564248905,0.0853356457986382
"468",0.0719700870421172,0.0385733664230027,0.0347107223637702,0.0302608945174429,0.026681436862289,0.0375086836190643,0.0289834425014359,0.0609741505409147,0.0201688140630698,0,0.0745336353431038,0.123890922355666,0.0413702593149604,0.0293365014884392,0.0670386068017742,0.0401410788026703,0,0.0734589291102492,0.0569040404512271,0.0199042127717385,0.0414766767405444,0.0811913896469455
"469",0.0727140288958831,0.039481737315183,0.0351087102833722,0.030766020908583,0.0263823891098365,0.0402008588560018,0.0290767365463225,0.0625783903931145,0.0203258011803946,0,0.0730215119339336,0.12434650409598,0.0419686310520115,0.0279246435860986,0.0653876459701197,0.041229974710571,0,0.0730388843777484,0.0563615234723737,0.0191674719089315,0.0406523335195561,0.0802543769297571
"470",0.0685646461274704,0.0386460072544678,0.0372743946721029,0.0316669468208858,0.0259523613850665,0.0377675390183773,0.0300593943025063,0.0628111087249435,0.0201489778255011,0,0.0778261318798462,0.122859502730476,0.0416740126778116,0.0286362710945635,0.0661757700901686,0.0392438978953743,0,0.0731238340653939,0.0568201353371952,0.0198667655240295,0.0407265377487806,0.080144932700999
"471",0.0725378866072359,0.0387506460289083,0.03430881813226,0.0301976706763722,0.0263590402159709,0.0379936035442003,0.0293892683322778,0.0620482634540921,0.0203001617978339,0,0.074132528880302,0.125723522354677,0.0403865067460857,0.0284736590801593,0.066951887000056,0.0406210872702201,0,0.0736447201556851,0.0571168873608092,0.0197395801433392,0.0407194078636192,0.0803193204611227
"472",0.0706944477118853,0.0383059230686171,0.0353234344810474,0.030356326426525,0.0266478651460814,0.0377980623565549,0.0288466435622865,0.0601038645809162,0.0205246582473907,0,0.0755279075794161,0.123513745482699,0.0421426876359784,0.0291665211557856,0.0673376212290734,0.0401902330961631,0,0.0732020951545129,0.0570403264403095,0.0196618454709824,0.0418700329449929,0.0808767340806073
"474",0.0722142520123516,0.0385025047903925,0.0346628520575968,0.0303499173596864,0.0269103694064553,0.0374646561261918,0.0286271235795591,0.060905961587916,0.020410667986643,0,0.0748254310579855,0.124010050137186,0.0412295772466506,0.0287069129956436,0.0673092578613677,0.0405522294515845,0,0.0733117438382308,0.0573923344438407,0.0195596385211367,0.0414252435801006,0.0813197009364225
"475",0.0716015400470561,0.0391307172942586,0.0344961146966035,0.0289884160561879,0.0279065344194614,0.0352714913353271,0.0280378531296564,0.0594953297041299,0.0213027290263881,0,0.0777384262937011,0.127144239150742,0.0396642896092277,0.0304999509844873,0.0671936740521565,0.0403857739575279,0,0.0735014380820306,0.0576246085670064,0.0182727294668746,0.041441209393602,0.0801420784430474
"477",0.0714735057102709,0.0398636581315824,0.0354173927887685,0.0301314063422437,0.0279416701277414,0.0359776462010934,0.0282844202247386,0.0577883662654766,0.0218706326161237,0,0.0764374044753407,0.128324728062716,0.039569270493885,0.0299336262347459,0.0667253346922996,0.0403546409897132,0,0.0741285109136101,0.0578480022193763,0.0175022521981009,0.041592130614865,0.0788185644480271
"478",0.0741620873223393,0.0418352619946875,0.0340623638549938,0.0319481989522518,0.0271583271538326,0.036056371618568,0.0286511009541333,0.0645986567425733,0.0202603193625891,0,0.068374838456785,0.125133620449535,0.0360690180704278,0.0312450295947354,0.063432608660063,0.0412120771192459,0,0.0725600298599004,0.056687251344272,0.0199227573946487,0.0403977504196526,0.0862032593983748
"480",0.0719535757064857,0.0393940723541044,0.0354517057602424,0.0310043036879705,0.0260568653404153,0.0399240133253279,0.0298767582285954,0.061452412561933,0.0206679545411262,0,0.0735140212539679,0.122796442867181,0.0422545793761134,0.0280141473203502,0.0647161384214289,0.0413407484796757,0,0.0741132372106823,0.0570916506607035,0.019199519530416,0.0400427465872266,0.0800115243537558
"481",0.0724243232201371,0.0388222066718114,0.0357235809005161,0.0310168353884364,0.0257134672773002,0.0405226225451376,0.0301091002816147,0.0624838646384108,0.0204831601070743,0,0.0733352046060369,0.123215829460708,0.0422461192981984,0.0284161532784483,0.066042152662872,0.0408654324927574,0,0.0728960993593738,0.0561142081141466,0.0193093634179301,0.0404498403546077,0.0795725887895504
"482",0.0737518151252137,0.0399843884660288,0.0358283151297392,0.0316357330913831,0.02588452187961,0.0411639505027559,0.0300467417708229,0.062171878795558,0.0206334869174864,0,0.0710944415653765,0.123941112244436,0.0418388065634306,0.0281611908119213,0.0651020220289434,0.0415248539519056,0,0.0734572874170747,0.0553659920083989,0.0191158069526025,0.0402964495388765,0.0789934166945721
"483",0.0711753678969333,0.0390766318907533,0.0361170777361252,0.0318237915721807,0.0256024849366193,0.0403231388491334,0.0307589209618565,0.0619195475805862,0.0206252050551055,0,0.0745562251443029,0.122191785120923,0.0426710253842427,0.0289019655233717,0.0662074468672899,0.0402348209213123,0,0.0730050485059403,0.056239061958425,0.0192870821742428,0.0409707567310386,0.0783119824444948
"484",0.0725470385421494,0.0395354353174749,0.034822307022663,0.0307057847541456,0.0266158274279577,0.0386489672200755,0.0294391153666439,0.0611193808710422,0.0203181927708507,0,0.0739860858749874,0.124083933203173,0.0410795388669046,0.0286174234207684,0.0664295686474476,0.0406179273440058,0,0.0728925704137285,0.0568093696645618,0.0195697597392651,0.0411407360602435,0.0806434702475704
"485",0.0715456379352421,0.0410949102759454,0.0349386450601331,0.0313466201249354,0.0275255948073608,0.0366717693768026,0.0295652482567266,0.0631733175995187,0.0201761724558008,0,0.0717083313958292,0.124813949626174,0.0379470679670042,0.0302009498990256,0.0649436719129792,0.0405969969294562,0,0.0752005139702052,0.0562697374089453,0.0193746877287775,0.039748144761341,0.0831511174819237
"486",0.0703927289481335,0.0410040895482781,0.0354482562349475,0.0307636120957053,0.0287556177672341,0.0360857408526097,0.0290233811739385,0.0599528425520679,0.0207397524490388,0,0.073132953969003,0.125183888851106,0.0384094025491876,0.030221206516724,0.0657990944023492,0.039581933913955,0,0.0737827676806873,0.0561859483508161,0.0198620690878345,0.0414024602672941,0.0842728049596874
"488",0.0718540187881898,0.0421240249672862,0.0350411195908717,0.0323510798604833,0.0265236954599657,0.0375275670909068,0.0301731467882378,0.0659342255009839,0.020420815513936,0,0.0675489332384002,0.124355973284417,0.0366047352764344,0.0307654545606202,0.063174252312657,0.0416620073855549,0,0.0728588605973169,0.0573440205031228,0.0194113012402901,0.0392215826227263,0.0849347629822746
"489",0.0720234315536336,0.0384895208017944,0.0350837923224948,0.030243924610849,0.0265045673405428,0.037206770995555,0.0285559628510929,0.0606282731770211,0.0202422049346767,0,0.0746579309753702,0.12418984033165,0.0417032721991641,0.0289123697699742,0.0672713985286271,0.0405811700964094,0,0.0729298829468987,0.0568118618155302,0.0197821487260093,0.0418502371725688,0.0816400282974905
"491",0.0735847623226226,0.038828694487033,0.0343243920893819,0.0304553316750937,0.0267158298483118,0.0382207059044201,0.0292218576088729,0.0623108029848312,0.0204578813733485,0,0.0735716379546567,0.124265282873919,0.0409483458978959,0.0288485079269286,0.0669817233893328,0.0407167485238949,0,0.0724842615886477,0.0562243367966075,0.0201305262436797,0.0411056980916652,0.0800040844560429
"492",0.0711655879830092,0.0379957819530125,0.0355750726586928,0.0302131398436803,0.0266545837993873,0.0379139207101864,0.028706813813958,0.0601919800494532,0.0203661216063827,0,0.0757425660081293,0.123382884800575,0.0425274514445962,0.0290537342199225,0.0675332332374921,0.0401955880058831,0,0.0733670404249041,0.0571493981897657,0.0194123955066666,0.0418412134562114,0.080080569855506
"493",0.0734388773783459,0.0425651015655531,0.0341083926642654,0.0316513399533865,0.027427128648445,0.0369126898227277,0.0299730499799892,0.0642387448548628,0.0195671791322362,0,0.068606551366622,0.125854491983897,0.0374293708501073,0.0298757041504815,0.063618676865127,0.0404936050851049,0,0.0746022049014765,0.0559073857099136,0.0193962158627021,0.0391837312898747,0.0851450945029072
"496",0.0726991913676834,0.0387796194859145,0.0341207629426456,0.0293343788696009,0.0283223144524419,0.0349033074142935,0.0278385138891444,0.0591327994894735,0.0212511114138271,0,0.0754833671188999,0.127936653351251,0.0388467723554786,0.0297723829439954,0.0677635765329602,0.0409666908307714,0,0.0739288751848512,0.0582286821174578,0.0176840907289116,0.0415796802582086,0.0812982149365828
"497",0.0736879716423631,0.0393405481901238,0.0343078312588166,0.0302910614649572,0.0265050249122602,0.0385936659449502,0.0292873431671379,0.0619757662200587,0.0205318570519856,0,0.0730518527778724,0.125069590226929,0.0408624479832405,0.0285816377879758,0.0664426458766849,0.0407321218262703,0,0.0731874786545171,0.0564837882889301,0.0197738350031805,0.040473911576024,0.0802868142807549
"498",0.0703598768501924,0.0374840480397849,0.0353558439148764,0.0302036630441185,0.0261680191267176,0.0383531272562037,0.0288189698878314,0.0601227356759986,0.0203340833186075,0,0.0765951453647371,0.123858613733707,0.0424685792122114,0.0301709902473094,0.0677792000521714,0.0395287058962125,0,0.0732535874586623,0.0566943436708487,0.0193128245357164,0.0416614929442355,0.0808796819646747
"499",0.0738228472904691,0.039564114811175,0.0339478594226973,0.0305465305306001,0.0262817180510742,0.0389772751479203,0.0297383569600143,0.0625687229561472,0.0204690063458655,0,0.072605447080583,0.125220352588354,0.0407567891340459,0.0286690708336594,0.0666091024760182,0.040257156753607,0,0.0723308751873465,0.056118353234826,0.0197599693143044,0.0409244554412391,0.080809463152524
"502",0.0718690011288725,0.0410224661615166,0.0357866774090425,0.0316734894927754,0.0272936859711956,0.0377487143554317,0.0299383790825643,0.0620322803885567,0.0209078820834154,0,0.0699758479721276,0.124539977481618,0.0387087080502847,0.0304265291937902,0.0641627650948837,0.0400828253703165,0,0.0737576766788562,0.0565621397483406,0.0194634761294076,0.0397908774490588,0.0842573102641738
"503",0.0721848437382619,0.0407482288529585,0.0346825369698202,0.0315983800890261,0.0274421080048421,0.0365772452384507,0.0295226867129263,0.0645155322123124,0.0196188820284498,0,0.0697436823567113,0.125314631014995,0.0373425631014045,0.030470266583999,0.0642692172506492,0.0406509848126808,0,0.0740704547447179,0.057198158151238,0.0195563326299613,0.0395261289880857,0.0849677975962366
"506",0.0734301670653677,0.0401414661301649,0.0354528244535075,0.0316310351067043,0.0254652763545803,0.0402593427638051,0.0299557812751889,0.0631519261250878,0.0205490707637459,0,0.0720459512868075,0.123292985607845,0.0418032207983042,0.0275098826502911,0.0650767353507428,0.0416711719683732,0,0.0729884354854547,0.0563212529346691,0.0193659256321931,0.0401050702560275,0.0797783697136574
